Name,Email,Job Title,Department
Dagny,dkerswell0@geocities.jp,Office Assistant IV,Product Management
Price,pjerzyk1@live.com,Senior Sales Associate,Legal
Christin,cklamman2@google.nl,Environmental Specialist,Product Management
Malcolm,mhowcroft3@shareasale.com,Developer I,Training
Der,dmccrae4@icq.com,Web Developer III,Marketing
Morley,mtarney5@so-net.ne.jp,Internal Auditor,Legal
Di,dshackel6@cnn.com,Geologist IV,Support
Emmanuel,ecrippell7@java.com,Clinical Specialist,Business Development
Madella,mtownsend8@shop-pro.jp,Marketing Assistant,Marketing
Stacy,sportt9@marketwatch.com,Compensation Analyst,Product Management
